id;ip_address;url;remote_port;timestamp;buffer;rawcontents;rawcontents_content_type
1;SSL;http://mammoth-harp.name;74068;2023-06-22T16:00:00;payment;../fake-data/blob/hipster.png;image/png
2;SSD Bicycle;https://tough-cofactor.org;90787;2023-06-23T12:45:01;yuck ick Electronic;../fake-data/blob/hipster.png;image/png
3;female Gusikowski;http://quixotic-carbon.biz;93589;2023-06-22T22:07:59;Cotton Van;../fake-data/blob/hipster.png;image/png
4;withdrawal Tala;http://husky-canal.info;63892;2023-06-23T08:43:38;Dynamic generate Illinois;../fake-data/blob/hipster.png;image/png
5;South;http://generous-comportment.info;8284;2023-06-23T13:50:44;Hatchback Computer;../fake-data/blob/hipster.png;image/png
6;Birdie;https://gargantuan-waterspout.info;17224;2023-06-23T10:47:46;Metical;../fake-data/blob/hipster.png;image/png
7;Vista Director caress;http://starchy-pumpernickel.info;65791;2023-06-23T06:26:43;ivory impactful kelvin;../fake-data/blob/hipster.png;image/png
8;Account;http://shallow-bike.info;28057;2023-06-22T22:37:16;Rufiyaa panel deposit;../fake-data/blob/hipster.png;image/png
9;online;http://insubstantial-talking.info;16065;2023-06-22T17:18:27;Gasoline over yellow;../fake-data/blob/hipster.png;image/png
10;Hermaphrodite Accounts cum;https://powerless-climb.info;34392;2023-06-23T03:18:16;Fresh Loan;../fake-data/blob/hipster.png;image/png
