id;name;description;access_level;version;os;os_content_type;added;updated;active
1;cyan once;withdrawal;2;utilisation VGA;../fake-data/blob/hipster.png;image/png;2023-06-26T06:43:48;2023-06-26T09:15:07;true
2;Hoppe Borders Touring;male foreground;1;matrix cumbersome Northwest;../fake-data/blob/hipster.png;image/png;2023-06-26T07:00:30;2023-06-25T23:51:14;false
3;tolerance scientist Computers;Outdoors generating;3;Chrysler gold Southeast;../fake-data/blob/hipster.png;image/png;2023-06-26T13:56:48;2023-06-26T05:42:34;false
4;calculate Woodbury;dolores Chief;2;revert;../fake-data/blob/hipster.png;image/png;2023-06-26T02:37:45;2023-06-26T12:51:24;false
5;Administrator generation Extended;deliverables Land;7;a Cruiser;../fake-data/blob/hipster.png;image/png;2023-06-26T03:27:46;2023-06-26T07:59:42;true
6;Auto RSS;North Xenogender Nevada;5;Tasty plum transgender;../fake-data/blob/hipster.png;image/png;2023-06-25T22:12:35;2023-06-26T03:21:07;true
7;Buckinghamshire Legacy;Sleek teal;3;Hip withdrawal International;../fake-data/blob/hipster.png;image/png;2023-06-26T08:15:35;2023-06-25T19:11:48;true
8;Northwest Southeast Copernicium;panel Bicycle;5;Electronic;../fake-data/blob/hipster.png;image/png;2023-06-26T00:20:26;2023-06-26T12:22:02;true
9;panel violet Human;Creative Bayamon;3;frame back necessitate;../fake-data/blob/hipster.png;image/png;2023-06-26T08:36:30;2023-06-26T12:21:54;false
10;Cyclocross;Licensed;4;Costa;../fake-data/blob/hipster.png;image/png;2023-06-25T21:25:47;2023-06-26T14:10:18;false
