id;ip_address;raw_contents;remote_port;name;approved;registration_date
1;following;Walnut;58213;Bicycle light primary;true;2023-06-26T04:43:38
2;Marketing Towels Human;City Frozen capacitor;59395;Mayert;false;2023-06-26T08:55:49
3;Usability Producer;Garden;48931;rerum;true;2023-06-26T01:48:56
4;compressing Steel;Interactions hm;24184;France Hat Clothing;false;2023-06-25T17:04:01
5;Decentralized Wooden Hatchback;Aruba South;49401;before;true;2023-06-25T19:40:15
6;scale;frank Center;75150;tenetur green;true;2023-06-25T22:46:51
7;Account;Mouse Sports Stockton;88979;accelerate;true;2023-06-25T20:28:54
8;maximize Health bluetooth;Aston SMTP;77387;Director gray bandwidth;true;2023-06-25T20:04:07
9;Phased Swedish;Tricycle kilogram;68166;Northwest Northwest Macao;false;2023-06-26T04:49:46
10;tame;woman Soft;44241;Southeast;true;2023-06-26T00:14:30
