id;embeddeddata;embeddeddata_content_type;added;reviewed;ip_address;headers;url
1;../fake-data/blob/hipster.png;image/png;2023-06-25T20:18:06;true;adventurously;duh Web Corporate;http://bouncy-tension.name
2;../fake-data/blob/hipster.png;image/png;2023-06-25T22:46:55;false;benchmark quantifying;compress;https://impractical-communicant.com
3;../fake-data/blob/hipster.png;image/png;2023-06-26T14:02:50;false;till Future Cheese;Cis Classical;https://wordy-homosexual.org
4;../fake-data/blob/hipster.png;image/png;2023-06-25T15:47:08;false;that Torrance Soap;excluding;https://zealous-coke.com
5;../fake-data/blob/hipster.png;image/png;2023-06-26T02:55:27;true;Sausages sharply Corporate;deposit Volkswagen;https://grandiose-advertising.biz
6;../fake-data/blob/hipster.png;image/png;2023-06-25T16:19:34;false;quos Van;Tungsten besides;http://cool-blossom.name
7;../fake-data/blob/hipster.png;image/png;2023-06-26T08:36:16;true;Melbourne;Hybrid Jewelery;https://motherly-rifle.info
8;../fake-data/blob/hipster.png;image/png;2023-06-25T16:09:56;false;Steel Metal;disintermediate South Rican;https://conventional-tracksuit.name
9;../fake-data/blob/hipster.png;image/png;2023-06-26T07:29:47;true;revolutionize;bypassing naturally explicit;http://kind-pantology.org
10;../fake-data/blob/hipster.png;image/png;2023-06-26T04:56:40;false;ROI Checking;Fresh;http://monumental-norm.net
